"PAYS","variable","value"
"France","CA89",3
"Etats-Unis","CA89",4
"Royaume-Uni","CA89",2
"Italie","CA89",3
"Japon","CA89",1
"Chine","CA89",0
"Russie","CA89",0
"Canada","CA89",1
"Corée du Sud","CA89",0
"Taiwan","CA89",0
"Danemark","CA89",0
"Mexique","CA89",0
"Belgique","CA89",0
"Espagne","CA89",1
"Australie","CA89",2
"Autriche","CA89",0
"Israel","CA89",0
"Allemagne","CA89",2
"Argentine","CA89",0
"Iran","CA89",0
"Portugal","CA89",0
"Turquie","CA89",0
"Brésil","CA89",1
"Hong-Kong","CA89",0
"Roumanie","CA89",0
"Finlande","CA89",0
"Grèce","CA89",0
"Hongrie","CA89",0
"Serbie","CA89",1
"Suède","CA89",1
"Nouvelle-Zélande","CA89",0
"Philippines","CA89",0
"Pologne","CA89",0
"Afrique du Sud","CA89",0
"Algérie","CA89",0
"Bosnie","CA89",0
"Burkina Faso","CA89",0
"Cambodge","CA89",0
"Chili","CA89",0
"Colombie","CA89",0
"Egypte","CA89",0
"Guinée","CA89",0
"Haiti","CA89",0
"Inde","CA89",0
"Irak","CA89",0
"Irlande","CA89",0
"Mali","CA89",0
"Mauritanie","CA89",0
"Norvège","CA89",0
"Palestine","CA89",0
"Pays-Bas","CA89",0
"Sénégal","CA89",0
"Singapour","CA89",0
"Suisse","CA89",0
"Tchad","CA89",0
"Thailande","CA89",0
"Ukraine","CA89",0
"Albanie","CA89",0
"Bangladesh","CA89",0
"Bolivie","CA89",0
"Bulgarie","CA89",0
"Croatie","CA89",0
"Cuba","CA89",0
"Géorgie","CA89",0
"Islande","CA89",0
"Kazakhstan","CA89",0
"Kenya","CA89",0
"Liban","CA89",0
"Lituanie","CA89",0
"Malaisie","CA89",0
"Maroc","CA89",0
"Perou","CA89",0
"République Tchèque","CA89",0
"Slovaquie","CA89",0
"Slovénie","CA89",0
"Sri Lanka","CA89",0
"Uruguay","CA89",0
"Venezuela","CA89",0
"France","CA90",5
"Etats-Unis","CA90",3
"Royaume-Uni","CA90",1
"Italie","CA90",1
"Japon","CA90",1
"Chine","CA90",1
"Russie","CA90",2
"Canada","CA90",0
"Corée du Sud","CA90",0
"Taiwan","CA90",0
"Danemark","CA90",0
"Mexique","CA90",0
"Belgique","CA90",0
"Espagne","CA90",0
"Australie","CA90",0
"Autriche","CA90",0
"Israel","CA90",0
"Allemagne","CA90",0
"Argentine","CA90",0
"Iran","CA90",0
"Portugal","CA90",0
"Turquie","CA90",0
"Brésil","CA90",0
"Hong-Kong","CA90",0
"Roumanie","CA90",0
"Finlande","CA90",0
"Grèce","CA90",0
"Hongrie","CA90",0
"Serbie","CA90",0
"Suède","CA90",0
"Nouvelle-Zélande","CA90",0
"Philippines","CA90",0
"Pologne","CA90",1
"Afrique du Sud","CA90",0
"Algérie","CA90",0
"Bosnie","CA90",0
"Burkina Faso","CA90",1
"Cambodge","CA90",0
"Chili","CA90",0
"Colombie","CA90",1
"Egypte","CA90",0
"Guinée","CA90",0
"Haiti","CA90",0
"Inde","CA90",0
"Irak","CA90",0
"Irlande","CA90",0
"Mali","CA90",0
"Mauritanie","CA90",0
"Norvège","CA90",0
"Palestine","CA90",0
"Pays-Bas","CA90",0
"Sénégal","CA90",0
"Singapour","CA90",0
"Suisse","CA90",0
"Tchad","CA90",0
"Thailande","CA90",0
"Ukraine","CA90",0
"Albanie","CA90",0
"Bangladesh","CA90",0
"Bolivie","CA90",0
"Bulgarie","CA90",0
"Croatie","CA90",0
"Cuba","CA90",0
"Géorgie","CA90",0
"Islande","CA90",0
"Kazakhstan","CA90",0
"Kenya","CA90",0
"Liban","CA90",0
"Lituanie","CA90",0
"Malaisie","CA90",0
"Maroc","CA90",0
"Perou","CA90",0
"République Tchèque","CA90",1
"Slovaquie","CA90",0
"Slovénie","CA90",0
"Sri Lanka","CA90",0
"Uruguay","CA90",0
"Venezuela","CA90",0
"France","CA91",4
"Etats-Unis","CA91",5
"Royaume-Uni","CA91",0
"Italie","CA91",3
"Japon","CA91",0
"Chine","CA91",1
"Russie","CA91",2
"Canada","CA91",0
"Corée du Sud","CA91",0
"Taiwan","CA91",0
"Danemark","CA91",1
"Mexique","CA91",0
"Belgique","CA91",0
"Espagne","CA91",0
"Australie","CA91",0
"Autriche","CA91",0
"Israel","CA91",0
"Allemagne","CA91",1
"Argentine","CA91",0
"Iran","CA91",0
"Portugal","CA91",0
"Turquie","CA91",0
"Brésil","CA91",0
"Hong-Kong","CA91",0
"Roumanie","CA91",0
"Finlande","CA91",0
"Grèce","CA91",1
"Hongrie","CA91",0
"Serbie","CA91",0
"Suède","CA91",0
"Nouvelle-Zélande","CA91",0
"Philippines","CA91",0
"Pologne","CA91",1
"Afrique du Sud","CA91",0
"Algérie","CA91",0
"Bosnie","CA91",0
"Burkina Faso","CA91",0
"Cambodge","CA91",0
"Chili","CA91",0
"Colombie","CA91",0
"Egypte","CA91",0
"Guinée","CA91",0
"Haiti","CA91",0
"Inde","CA91",0
"Irak","CA91",0
"Irlande","CA91",0
"Mali","CA91",0
"Mauritanie","CA91",0
"Norvège","CA91",0
"Palestine","CA91",0
"Pays-Bas","CA91",0
"Sénégal","CA91",0
"Singapour","CA91",0
"Suisse","CA91",0
"Tchad","CA91",0
"Thailande","CA91",0
"Ukraine","CA91",0
"Albanie","CA91",0
"Bangladesh","CA91",0
"Bolivie","CA91",0
"Bulgarie","CA91",0
"Croatie","CA91",0
"Cuba","CA91",0
"Géorgie","CA91",0
"Islande","CA91",0
"Kazakhstan","CA91",0
"Kenya","CA91",0
"Liban","CA91",0
"Lituanie","CA91",0
"Malaisie","CA91",0
"Maroc","CA91",0
"Perou","CA91",0
"République Tchèque","CA91",0
"Slovaquie","CA91",0
"Slovénie","CA91",0
"Sri Lanka","CA91",0
"Uruguay","CA91",0
"Venezuela","CA91",0
"France","CA92",3
"Etats-Unis","CA92",5
"Royaume-Uni","CA92",3
"Italie","CA92",1
"Japon","CA92",0
"Chine","CA92",0
"Russie","CA92",2
"Canada","CA92",1
"Corée du Sud","CA92",0
"Taiwan","CA92",0
"Danemark","CA92",0
"Mexique","CA92",0
"Belgique","CA92",0
"Espagne","CA92",1
"Australie","CA92",0
"Autriche","CA92",0
"Israel","CA92",0
"Allemagne","CA92",0
"Argentine","CA92",1
"Iran","CA92",0
"Portugal","CA92",0
"Turquie","CA92",0
"Brésil","CA92",0
"Hong-Kong","CA92",0
"Roumanie","CA92",0
"Finlande","CA92",0
"Grèce","CA92",0
"Hongrie","CA92",0
"Serbie","CA92",0
"Suède","CA92",1
"Nouvelle-Zélande","CA92",1
"Philippines","CA92",0
"Pologne","CA92",0
"Afrique du Sud","CA92",0
"Algérie","CA92",0
"Bosnie","CA92",0
"Burkina Faso","CA92",0
"Cambodge","CA92",0
"Chili","CA92",1
"Colombie","CA92",0
"Egypte","CA92",0
"Guinée","CA92",0
"Haiti","CA92",0
"Inde","CA92",0
"Irak","CA92",0
"Irlande","CA92",0
"Mali","CA92",0
"Mauritanie","CA92",0
"Norvège","CA92",0
"Palestine","CA92",0
"Pays-Bas","CA92",0
"Sénégal","CA92",1
"Singapour","CA92",0
"Suisse","CA92",0
"Tchad","CA92",0
"Thailande","CA92",0
"Ukraine","CA92",0
"Albanie","CA92",0
"Bangladesh","CA92",0
"Bolivie","CA92",0
"Bulgarie","CA92",0
"Croatie","CA92",0
"Cuba","CA92",0
"Géorgie","CA92",0
"Islande","CA92",0
"Kazakhstan","CA92",0
"Kenya","CA92",0
"Liban","CA92",0
"Lituanie","CA92",0
"Malaisie","CA92",0
"Maroc","CA92",0
"Perou","CA92",0
"République Tchèque","CA92",0
"Slovaquie","CA92",0
"Slovénie","CA92",0
"Sri Lanka","CA92",0
"Uruguay","CA92",0
"Venezuela","CA92",0
"France","CA93",4
"Etats-Unis","CA93",3
"Royaume-Uni","CA93",4
"Italie","CA93",3
"Japon","CA93",0
"Chine","CA93",1
"Russie","CA93",1
"Canada","CA93",0
"Corée du Sud","CA93",0
"Taiwan","CA93",1
"Danemark","CA93",0
"Mexique","CA93",0
"Belgique","CA93",0
"Espagne","CA93",0
"Australie","CA93",3
"Autriche","CA93",0
"Israel","CA93",0
"Allemagne","CA93",1
"Argentine","CA93",0
"Iran","CA93",0
"Portugal","CA93",0
"Turquie","CA93",0
"Brésil","CA93",0
"Hong-Kong","CA93",0
"Roumanie","CA93",0
"Finlande","CA93",0
"Grèce","CA93",0
"Hongrie","CA93",0
"Serbie","CA93",0
"Suède","CA93",0
"Nouvelle-Zélande","CA93",0
"Philippines","CA93",0
"Pologne","CA93",0
"Afrique du Sud","CA93",1
"Algérie","CA93",0
"Bosnie","CA93",0
"Burkina Faso","CA93",0
"Cambodge","CA93",0
"Chili","CA93",0
"Colombie","CA93",0
"Egypte","CA93",0
"Guinée","CA93",0
"Haiti","CA93",1
"Inde","CA93",0
"Irak","CA93",0
"Irlande","CA93",0
"Mali","CA93",0
"Mauritanie","CA93",0
"Norvège","CA93",0
"Palestine","CA93",0
"Pays-Bas","CA93",0
"Sénégal","CA93",0
"Singapour","CA93",0
"Suisse","CA93",0
"Tchad","CA93",0
"Thailande","CA93",0
"Ukraine","CA93",0
"Albanie","CA93",0
"Bangladesh","CA93",0
"Bolivie","CA93",0
"Bulgarie","CA93",0
"Croatie","CA93",0
"Cuba","CA93",0
"Géorgie","CA93",0
"Islande","CA93",0
"Kazakhstan","CA93",0
"Kenya","CA93",0
"Liban","CA93",0
"Lituanie","CA93",0
"Malaisie","CA93",0
"Maroc","CA93",0
"Perou","CA93",0
"République Tchèque","CA93",0
"Slovaquie","CA93",0
"Slovénie","CA93",0
"Sri Lanka","CA93",0
"Uruguay","CA93",0
"Venezuela","CA93",0
"France","CA94",3
"Etats-Unis","CA94",4
"Royaume-Uni","CA94",1
"Italie","CA94",4
"Japon","CA94",0
"Chine","CA94",1
"Russie","CA94",2
"Canada","CA94",1
"Corée du Sud","CA94",0
"Taiwan","CA94",1
"Danemark","CA94",0
"Mexique","CA94",1
"Belgique","CA94",1
"Espagne","CA94",0
"Australie","CA94",0
"Autriche","CA94",0
"Israel","CA94",0
"Allemagne","CA94",0
"Argentine","CA94",0
"Iran","CA94",1
"Portugal","CA94",0
"Turquie","CA94",0
"Brésil","CA94",0
"Hong-Kong","CA94",0
"Roumanie","CA94",1
"Finlande","CA94",0
"Grèce","CA94",0
"Hongrie","CA94",0
"Serbie","CA94",0
"Suède","CA94",0
"Nouvelle-Zélande","CA94",0
"Philippines","CA94",0
"Pologne","CA94",1
"Afrique du Sud","CA94",0
"Algérie","CA94",0
"Bosnie","CA94",0
"Burkina Faso","CA94",0
"Cambodge","CA94",1
"Chili","CA94",0
"Colombie","CA94",0
"Egypte","CA94",0
"Guinée","CA94",0
"Haiti","CA94",0
"Inde","CA94",1
"Irak","CA94",0
"Irlande","CA94",0
"Mali","CA94",0
"Mauritanie","CA94",0
"Norvège","CA94",0
"Palestine","CA94",0
"Pays-Bas","CA94",0
"Sénégal","CA94",0
"Singapour","CA94",0
"Suisse","CA94",0
"Tchad","CA94",0
"Thailande","CA94",0
"Ukraine","CA94",0
"Albanie","CA94",0
"Bangladesh","CA94",0
"Bolivie","CA94",0
"Bulgarie","CA94",0
"Croatie","CA94",0
"Cuba","CA94",0
"Géorgie","CA94",0
"Islande","CA94",0
"Kazakhstan","CA94",0
"Kenya","CA94",0
"Liban","CA94",0
"Lituanie","CA94",0
"Malaisie","CA94",0
"Maroc","CA94",0
"Perou","CA94",0
"République Tchèque","CA94",0
"Slovaquie","CA94",0
"Slovénie","CA94",0
"Sri Lanka","CA94",0
"Uruguay","CA94",0
"Venezuela","CA94",0
"France","CA95",3
"Etats-Unis","CA95",6
"Royaume-Uni","CA95",4
"Italie","CA95",1
"Japon","CA95",1
"Chine","CA95",1
"Russie","CA95",0
"Canada","CA95",0
"Corée du Sud","CA95",0
"Taiwan","CA95",0
"Danemark","CA95",0
"Mexique","CA95",1
"Belgique","CA95",1
"Espagne","CA95",0
"Australie","CA95",0
"Autriche","CA95",0
"Israel","CA95",0
"Allemagne","CA95",0
"Argentine","CA95",0
"Iran","CA95",0
"Portugal","CA95",1
"Turquie","CA95",0
"Brésil","CA95",0
"Hong-Kong","CA95",0
"Roumanie","CA95",1
"Finlande","CA95",0
"Grèce","CA95",1
"Hongrie","CA95",0
"Serbie","CA95",1
"Suède","CA95",0
"Nouvelle-Zélande","CA95",0
"Philippines","CA95",0
"Pologne","CA95",0
"Afrique du Sud","CA95",0
"Algérie","CA95",0
"Bosnie","CA95",0
"Burkina Faso","CA95",0
"Cambodge","CA95",0
"Chili","CA95",0
"Colombie","CA95",0
"Egypte","CA95",0
"Guinée","CA95",0
"Haiti","CA95",0
"Inde","CA95",0
"Irak","CA95",0
"Irlande","CA95",0
"Mali","CA95",1
"Mauritanie","CA95",0
"Norvège","CA95",0
"Palestine","CA95",0
"Pays-Bas","CA95",0
"Sénégal","CA95",0
"Singapour","CA95",0
"Suisse","CA95",0
"Tchad","CA95",0
"Thailande","CA95",0
"Ukraine","CA95",0
"Albanie","CA95",0
"Bangladesh","CA95",0
"Bolivie","CA95",0
"Bulgarie","CA95",0
"Croatie","CA95",0
"Cuba","CA95",0
"Géorgie","CA95",0
"Islande","CA95",0
"Kazakhstan","CA95",0
"Kenya","CA95",0
"Liban","CA95",0
"Lituanie","CA95",0
"Malaisie","CA95",0
"Maroc","CA95",0
"Perou","CA95",0
"République Tchèque","CA95",0
"Slovaquie","CA95",0
"Slovénie","CA95",0
"Sri Lanka","CA95",0
"Uruguay","CA95",0
"Venezuela","CA95",0
"France","CA96",5
"Etats-Unis","CA96",3
"Royaume-Uni","CA96",2
"Italie","CA96",2
"Japon","CA96",0
"Chine","CA96",0
"Russie","CA96",0
"Canada","CA96",1
"Corée du Sud","CA96",0
"Taiwan","CA96",1
"Danemark","CA96",1
"Mexique","CA96",0
"Belgique","CA96",0
"Espagne","CA96",1
"Australie","CA96",1
"Autriche","CA96",0
"Israel","CA96",0
"Allemagne","CA96",0
"Argentine","CA96",0
"Iran","CA96",0
"Portugal","CA96",1
"Turquie","CA96",0
"Brésil","CA96",0
"Hong-Kong","CA96",1
"Roumanie","CA96",1
"Finlande","CA96",1
"Grèce","CA96",0
"Hongrie","CA96",0
"Serbie","CA96",0
"Suède","CA96",0
"Nouvelle-Zélande","CA96",0
"Philippines","CA96",0
"Pologne","CA96",0
"Afrique du Sud","CA96",0
"Algérie","CA96",0
"Bosnie","CA96",0
"Burkina Faso","CA96",0
"Cambodge","CA96",0
"Chili","CA96",0
"Colombie","CA96",0
"Egypte","CA96",0
"Guinée","CA96",1
"Haiti","CA96",0
"Inde","CA96",0
"Irak","CA96",0
"Irlande","CA96",0
"Mali","CA96",0
"Mauritanie","CA96",0
"Norvège","CA96",0
"Palestine","CA96",0
"Pays-Bas","CA96",0
"Sénégal","CA96",0
"Singapour","CA96",0
"Suisse","CA96",0
"Tchad","CA96",0
"Thailande","CA96",0
"Ukraine","CA96",0
"Albanie","CA96",0
"Bangladesh","CA96",0
"Bolivie","CA96",0
"Bulgarie","CA96",0
"Croatie","CA96",0
"Cuba","CA96",0
"Géorgie","CA96",0
"Islande","CA96",0
"Kazakhstan","CA96",0
"Kenya","CA96",0
"Liban","CA96",0
"Lituanie","CA96",0
"Malaisie","CA96",0
"Maroc","CA96",0
"Perou","CA96",0
"République Tchèque","CA96",0
"Slovaquie","CA96",0
"Slovénie","CA96",0
"Sri Lanka","CA96",0
"Uruguay","CA96",0
"Venezuela","CA96",0
"France","CA97",3
"Etats-Unis","CA97",5
"Royaume-Uni","CA97",3
"Italie","CA97",2
"Japon","CA97",1
"Chine","CA97",0
"Russie","CA97",0
"Canada","CA97",1
"Corée du Sud","CA97",0
"Taiwan","CA97",0
"Danemark","CA97",0
"Mexique","CA97",0
"Belgique","CA97",0
"Espagne","CA97",0
"Australie","CA97",1
"Autriche","CA97",1
"Israel","CA97",0
"Allemagne","CA97",0
"Argentine","CA97",0
"Iran","CA97",1
"Portugal","CA97",0
"Turquie","CA97",0
"Brésil","CA97",0
"Hong-Kong","CA97",1
"Roumanie","CA97",0
"Finlande","CA97",0
"Grèce","CA97",0
"Hongrie","CA97",0
"Serbie","CA97",0
"Suède","CA97",0
"Nouvelle-Zélande","CA97",0
"Philippines","CA97",0
"Pologne","CA97",0
"Afrique du Sud","CA97",0
"Algérie","CA97",0
"Bosnie","CA97",0
"Burkina Faso","CA97",1
"Cambodge","CA97",0
"Chili","CA97",0
"Colombie","CA97",0
"Egypte","CA97",0
"Guinée","CA97",0
"Haiti","CA97",0
"Inde","CA97",0
"Irak","CA97",0
"Irlande","CA97",0
"Mali","CA97",0
"Mauritanie","CA97",0
"Norvège","CA97",0
"Palestine","CA97",0
"Pays-Bas","CA97",0
"Sénégal","CA97",0
"Singapour","CA97",0
"Suisse","CA97",0
"Tchad","CA97",0
"Thailande","CA97",0
"Ukraine","CA97",0
"Albanie","CA97",0
"Bangladesh","CA97",0
"Bolivie","CA97",0
"Bulgarie","CA97",0
"Croatie","CA97",0
"Cuba","CA97",0
"Géorgie","CA97",0
"Islande","CA97",0
"Kazakhstan","CA97",0
"Kenya","CA97",0
"Liban","CA97",0
"Lituanie","CA97",0
"Malaisie","CA97",0
"Maroc","CA97",0
"Perou","CA97",0
"République Tchèque","CA97",0
"Slovaquie","CA97",0
"Slovénie","CA97",0
"Sri Lanka","CA97",0
"Uruguay","CA97",0
"Venezuela","CA97",0
"France","CA98",5
"Etats-Unis","CA98",3
"Royaume-Uni","CA98",2
"Italie","CA98",2
"Japon","CA98",0
"Chine","CA98",0
"Russie","CA98",1
"Canada","CA98",0
"Corée du Sud","CA98",0
"Taiwan","CA98",2
"Danemark","CA98",2
"Mexique","CA98",0
"Belgique","CA98",0
"Espagne","CA98",0
"Australie","CA98",1
"Autriche","CA98",0
"Israel","CA98",0
"Allemagne","CA98",0
"Argentine","CA98",0
"Iran","CA98",0
"Portugal","CA98",0
"Turquie","CA98",0
"Brésil","CA98",1
"Hong-Kong","CA98",0
"Roumanie","CA98",0
"Finlande","CA98",0
"Grèce","CA98",1
"Hongrie","CA98",0
"Serbie","CA98",0
"Suède","CA98",0
"Nouvelle-Zélande","CA98",0
"Philippines","CA98",0
"Pologne","CA98",0
"Afrique du Sud","CA98",0
"Algérie","CA98",0
"Bosnie","CA98",0
"Burkina Faso","CA98",0
"Cambodge","CA98",0
"Chili","CA98",0
"Colombie","CA98",1
"Egypte","CA98",0
"Guinée","CA98",0
"Haiti","CA98",0
"Inde","CA98",0
"Irak","CA98",0
"Irlande","CA98",1
"Mali","CA98",0
"Mauritanie","CA98",0
"Norvège","CA98",0
"Palestine","CA98",0
"Pays-Bas","CA98",0
"Sénégal","CA98",0
"Singapour","CA98",0
"Suisse","CA98",0
"Tchad","CA98",0
"Thailande","CA98",0
"Ukraine","CA98",0
"Albanie","CA98",0
"Bangladesh","CA98",0
"Bolivie","CA98",0
"Bulgarie","CA98",0
"Croatie","CA98",0
"Cuba","CA98",0
"Géorgie","CA98",0
"Islande","CA98",0
"Kazakhstan","CA98",0
"Kenya","CA98",0
"Liban","CA98",0
"Lituanie","CA98",0
"Malaisie","CA98",0
"Maroc","CA98",0
"Perou","CA98",0
"République Tchèque","CA98",0
"Slovaquie","CA98",0
"Slovénie","CA98",0
"Sri Lanka","CA98",0
"Uruguay","CA98",0
"Venezuela","CA98",0
"France","CA99",4
"Etats-Unis","CA99",4
"Royaume-Uni","CA99",2
"Italie","CA99",1
"Japon","CA99",1
"Chine","CA99",1
"Russie","CA99",1
"Canada","CA99",1
"Corée du Sud","CA99",0
"Taiwan","CA99",0
"Danemark","CA99",0
"Mexique","CA99",1
"Belgique","CA99",1
"Espagne","CA99",1
"Australie","CA99",0
"Autriche","CA99",0
"Israel","CA99",1
"Allemagne","CA99",0
"Argentine","CA99",0
"Iran","CA99",1
"Portugal","CA99",1
"Turquie","CA99",0
"Brésil","CA99",0
"Hong-Kong","CA99",1
"Roumanie","CA99",0
"Finlande","CA99",0
"Grèce","CA99",0
"Hongrie","CA99",0
"Serbie","CA99",0
"Suède","CA99",0
"Nouvelle-Zélande","CA99",0
"Philippines","CA99",0
"Pologne","CA99",0
"Afrique du Sud","CA99",0
"Algérie","CA99",0
"Bosnie","CA99",0
"Burkina Faso","CA99",0
"Cambodge","CA99",0
"Chili","CA99",0
"Colombie","CA99",0
"Egypte","CA99",0
"Guinée","CA99",0
"Haiti","CA99",0
"Inde","CA99",0
"Irak","CA99",0
"Irlande","CA99",0
"Mali","CA99",0
"Mauritanie","CA99",0
"Norvège","CA99",0
"Palestine","CA99",0
"Pays-Bas","CA99",0
"Sénégal","CA99",0
"Singapour","CA99",0
"Suisse","CA99",0
"Tchad","CA99",0
"Thailande","CA99",0
"Ukraine","CA99",0
"Albanie","CA99",0
"Bangladesh","CA99",0
"Bolivie","CA99",0
"Bulgarie","CA99",0
"Croatie","CA99",0
"Cuba","CA99",0
"Géorgie","CA99",0
"Islande","CA99",0
"Kazakhstan","CA99",0
"Kenya","CA99",0
"Liban","CA99",0
"Lituanie","CA99",0
"Malaisie","CA99",0
"Maroc","CA99",0
"Perou","CA99",0
"République Tchèque","CA99",0
"Slovaquie","CA99",0
"Slovénie","CA99",0
"Sri Lanka","CA99",0
"Uruguay","CA99",0
"Venezuela","CA99",0
"France","CA00",5
"Etats-Unis","CA00",4
"Royaume-Uni","CA00",2
"Italie","CA00",0
"Japon","CA00",2
"Chine","CA00",2
"Russie","CA00",0
"Canada","CA00",0
"Corée du Sud","CA00",1
"Taiwan","CA00",1
"Danemark","CA00",1
"Mexique","CA00",0
"Belgique","CA00",0
"Espagne","CA00",0
"Australie","CA00",0
"Autriche","CA00",0
"Israel","CA00",1
"Allemagne","CA00",0
"Argentine","CA00",0
"Iran","CA00",1
"Portugal","CA00",0
"Turquie","CA00",0
"Brésil","CA00",1
"Hong-Kong","CA00",0
"Roumanie","CA00",0
"Finlande","CA00",0
"Grèce","CA00",0
"Hongrie","CA00",0
"Serbie","CA00",0
"Suède","CA00",2
"Nouvelle-Zélande","CA00",0
"Philippines","CA00",0
"Pologne","CA00",0
"Afrique du Sud","CA00",0
"Algérie","CA00",0
"Bosnie","CA00",0
"Burkina Faso","CA00",0
"Cambodge","CA00",0
"Chili","CA00",0
"Colombie","CA00",0
"Egypte","CA00",0
"Guinée","CA00",0
"Haiti","CA00",0
"Inde","CA00",0
"Irak","CA00",0
"Irlande","CA00",0
"Mali","CA00",0
"Mauritanie","CA00",0
"Norvège","CA00",0
"Palestine","CA00",0
"Pays-Bas","CA00",0
"Sénégal","CA00",0
"Singapour","CA00",0
"Suisse","CA00",0
"Tchad","CA00",0
"Thailande","CA00",0
"Ukraine","CA00",0
"Albanie","CA00",0
"Bangladesh","CA00",0
"Bolivie","CA00",0
"Bulgarie","CA00",0
"Croatie","CA00",0
"Cuba","CA00",0
"Géorgie","CA00",0
"Islande","CA00",0
"Kazakhstan","CA00",0
"Kenya","CA00",0
"Liban","CA00",0
"Lituanie","CA00",0
"Malaisie","CA00",0
"Maroc","CA00",0
"Perou","CA00",0
"République Tchèque","CA00",0
"Slovaquie","CA00",0
"Slovénie","CA00",0
"Sri Lanka","CA00",0
"Uruguay","CA00",0
"Venezuela","CA00",0
"France","CA01",5
"Etats-Unis","CA01",4
"Royaume-Uni","CA01",0
"Italie","CA01",2
"Japon","CA01",3
"Chine","CA01",0
"Russie","CA01",1
"Canada","CA01",0
"Corée du Sud","CA01",0
"Taiwan","CA01",2
"Danemark","CA01",0
"Mexique","CA01",0
"Belgique","CA01",0
"Espagne","CA01",1
"Australie","CA01",1
"Autriche","CA01",1
"Israel","CA01",0
"Allemagne","CA01",0
"Argentine","CA01",0
"Iran","CA01",1
"Portugal","CA01",1
"Turquie","CA01",0
"Brésil","CA01",0
"Hong-Kong","CA01",0
"Roumanie","CA01",0
"Finlande","CA01",0
"Grèce","CA01",0
"Hongrie","CA01",0
"Serbie","CA01",0
"Suède","CA01",0
"Nouvelle-Zélande","CA01",0
"Philippines","CA01",0
"Pologne","CA01",0
"Afrique du Sud","CA01",0
"Algérie","CA01",0
"Bosnie","CA01",1
"Burkina Faso","CA01",0
"Cambodge","CA01",0
"Chili","CA01",0
"Colombie","CA01",0
"Egypte","CA01",0
"Guinée","CA01",0
"Haiti","CA01",0
"Inde","CA01",0
"Irak","CA01",0
"Irlande","CA01",0
"Mali","CA01",0
"Mauritanie","CA01",0
"Norvège","CA01",0
"Palestine","CA01",0
"Pays-Bas","CA01",0
"Sénégal","CA01",0
"Singapour","CA01",0
"Suisse","CA01",0
"Tchad","CA01",0
"Thailande","CA01",0
"Ukraine","CA01",0
"Albanie","CA01",0
"Bangladesh","CA01",0
"Bolivie","CA01",0
"Bulgarie","CA01",0
"Croatie","CA01",0
"Cuba","CA01",0
"Géorgie","CA01",0
"Islande","CA01",0
"Kazakhstan","CA01",0
"Kenya","CA01",0
"Liban","CA01",0
"Lituanie","CA01",0
"Malaisie","CA01",0
"Maroc","CA01",0
"Perou","CA01",0
"République Tchèque","CA01",0
"Slovaquie","CA01",0
"Slovénie","CA01",0
"Sri Lanka","CA01",0
"Uruguay","CA01",0
"Venezuela","CA01",0
"France","CA02",5
"Etats-Unis","CA02",3
"Royaume-Uni","CA02",4
"Italie","CA02",1
"Japon","CA02",0
"Chine","CA02",1
"Russie","CA02",1
"Canada","CA02",1
"Corée du Sud","CA02",1
"Taiwan","CA02",0
"Danemark","CA02",0
"Mexique","CA02",0
"Belgique","CA02",1
"Espagne","CA02",0
"Australie","CA02",0
"Autriche","CA02",0
"Israel","CA02",1
"Allemagne","CA02",0
"Argentine","CA02",0
"Iran","CA02",1
"Portugal","CA02",1
"Turquie","CA02",0
"Brésil","CA02",0
"Hong-Kong","CA02",0
"Roumanie","CA02",0
"Finlande","CA02",1
"Grèce","CA02",0
"Hongrie","CA02",0
"Serbie","CA02",0
"Suède","CA02",0
"Nouvelle-Zélande","CA02",0
"Philippines","CA02",0
"Pologne","CA02",0
"Afrique du Sud","CA02",0
"Algérie","CA02",0
"Bosnie","CA02",0
"Burkina Faso","CA02",0
"Cambodge","CA02",0
"Chili","CA02",0
"Colombie","CA02",0
"Egypte","CA02",0
"Guinée","CA02",0
"Haiti","CA02",0
"Inde","CA02",0
"Irak","CA02",0
"Irlande","CA02",0
"Mali","CA02",0
"Mauritanie","CA02",0
"Norvège","CA02",0
"Palestine","CA02",1
"Pays-Bas","CA02",0
"Sénégal","CA02",0
"Singapour","CA02",0
"Suisse","CA02",0
"Tchad","CA02",0
"Thailande","CA02",0
"Ukraine","CA02",0
"Albanie","CA02",0
"Bangladesh","CA02",0
"Bolivie","CA02",0
"Bulgarie","CA02",0
"Croatie","CA02",0
"Cuba","CA02",0
"Géorgie","CA02",0
"Islande","CA02",0
"Kazakhstan","CA02",0
"Kenya","CA02",0
"Liban","CA02",0
"Lituanie","CA02",0
"Malaisie","CA02",0
"Maroc","CA02",0
"Perou","CA02",0
"République Tchèque","CA02",0
"Slovaquie","CA02",0
"Slovénie","CA02",0
"Sri Lanka","CA02",0
"Uruguay","CA02",0
"Venezuela","CA02",0
"France","CA03",6
"Etats-Unis","CA03",3
"Royaume-Uni","CA03",1
"Italie","CA03",1
"Japon","CA03",2
"Chine","CA03",1
"Russie","CA03",1
"Canada","CA03",1
"Corée du Sud","CA03",0
"Taiwan","CA03",0
"Danemark","CA03",1
"Mexique","CA03",0
"Belgique","CA03",0
"Espagne","CA03",0
"Australie","CA03",0
"Autriche","CA03",0
"Israel","CA03",0
"Allemagne","CA03",0
"Argentine","CA03",0
"Iran","CA03",1
"Portugal","CA03",0
"Turquie","CA03",1
"Brésil","CA03",1
"Hong-Kong","CA03",0
"Roumanie","CA03",0
"Finlande","CA03",0
"Grèce","CA03",0
"Hongrie","CA03",0
"Serbie","CA03",0
"Suède","CA03",0
"Nouvelle-Zélande","CA03",0
"Philippines","CA03",0
"Pologne","CA03",0
"Afrique du Sud","CA03",0
"Algérie","CA03",0
"Bosnie","CA03",0
"Burkina Faso","CA03",0
"Cambodge","CA03",0
"Chili","CA03",0
"Colombie","CA03",0
"Egypte","CA03",0
"Guinée","CA03",0
"Haiti","CA03",0
"Inde","CA03",0
"Irak","CA03",0
"Irlande","CA03",0
"Mali","CA03",0
"Mauritanie","CA03",0
"Norvège","CA03",0
"Palestine","CA03",0
"Pays-Bas","CA03",0
"Sénégal","CA03",0
"Singapour","CA03",0
"Suisse","CA03",0
"Tchad","CA03",0
"Thailande","CA03",0
"Ukraine","CA03",0
"Albanie","CA03",0
"Bangladesh","CA03",0
"Bolivie","CA03",0
"Bulgarie","CA03",0
"Croatie","CA03",0
"Cuba","CA03",0
"Géorgie","CA03",0
"Islande","CA03",0
"Kazakhstan","CA03",0
"Kenya","CA03",0
"Liban","CA03",0
"Lituanie","CA03",0
"Malaisie","CA03",0
"Maroc","CA03",0
"Perou","CA03",0
"République Tchèque","CA03",0
"Slovaquie","CA03",0
"Slovénie","CA03",0
"Sri Lanka","CA03",0
"Uruguay","CA03",0
"Venezuela","CA03",0
"France","CA04",3
"Etats-Unis","CA04",4
"Royaume-Uni","CA04",1
"Italie","CA04",1
"Japon","CA04",2
"Chine","CA04",1
"Russie","CA04",0
"Canada","CA04",0
"Corée du Sud","CA04",2
"Taiwan","CA04",0
"Danemark","CA04",0
"Mexique","CA04",0
"Belgique","CA04",0
"Espagne","CA04",0
"Australie","CA04",0
"Autriche","CA04",0
"Israel","CA04",0
"Allemagne","CA04",1
"Argentine","CA04",2
"Iran","CA04",0
"Portugal","CA04",0
"Turquie","CA04",0
"Brésil","CA04",0
"Hong-Kong","CA04",0
"Roumanie","CA04",0
"Finlande","CA04",0
"Grèce","CA04",0
"Hongrie","CA04",0
"Serbie","CA04",1
"Suède","CA04",0
"Nouvelle-Zélande","CA04",0
"Philippines","CA04",0
"Pologne","CA04",0
"Afrique du Sud","CA04",0
"Algérie","CA04",0
"Bosnie","CA04",0
"Burkina Faso","CA04",0
"Cambodge","CA04",0
"Chili","CA04",0
"Colombie","CA04",0
"Egypte","CA04",0
"Guinée","CA04",0
"Haiti","CA04",0
"Inde","CA04",0
"Irak","CA04",0
"Irlande","CA04",0
"Mali","CA04",0
"Mauritanie","CA04",0
"Norvège","CA04",0
"Palestine","CA04",0
"Pays-Bas","CA04",0
"Sénégal","CA04",0
"Singapour","CA04",0
"Suisse","CA04",0
"Tchad","CA04",0
"Thailande","CA04",1
"Ukraine","CA04",0
"Albanie","CA04",0
"Bangladesh","CA04",0
"Bolivie","CA04",0
"Bulgarie","CA04",0
"Croatie","CA04",0
"Cuba","CA04",0
"Géorgie","CA04",0
"Islande","CA04",0
"Kazakhstan","CA04",0
"Kenya","CA04",0
"Liban","CA04",0
"Lituanie","CA04",0
"Malaisie","CA04",0
"Maroc","CA04",0
"Perou","CA04",0
"République Tchèque","CA04",0
"Slovaquie","CA04",0
"Slovénie","CA04",0
"Sri Lanka","CA04",0
"Uruguay","CA04",0
"Venezuela","CA04",0
"France","CA05",2
"Etats-Unis","CA05",5
"Royaume-Uni","CA05",0
"Italie","CA05",1
"Japon","CA05",1
"Chine","CA05",2
"Russie","CA05",0
"Canada","CA05",1
"Corée du Sud","CA05",1
"Taiwan","CA05",1
"Danemark","CA05",1
"Mexique","CA05",1
"Belgique","CA05",1
"Espagne","CA05",0
"Australie","CA05",0
"Autriche","CA05",1
"Israel","CA05",1
"Allemagne","CA05",1
"Argentine","CA05",0
"Iran","CA05",0
"Portugal","CA05",0
"Turquie","CA05",0
"Brésil","CA05",0
"Hong-Kong","CA05",0
"Roumanie","CA05",0
"Finlande","CA05",0
"Grèce","CA05",0
"Hongrie","CA05",0
"Serbie","CA05",0
"Suède","CA05",0
"Nouvelle-Zélande","CA05",0
"Philippines","CA05",0
"Pologne","CA05",0
"Afrique du Sud","CA05",0
"Algérie","CA05",0
"Bosnie","CA05",0
"Burkina Faso","CA05",0
"Cambodge","CA05",0
"Chili","CA05",0
"Colombie","CA05",0
"Egypte","CA05",0
"Guinée","CA05",0
"Haiti","CA05",0
"Inde","CA05",0
"Irak","CA05",1
"Irlande","CA05",0
"Mali","CA05",0
"Mauritanie","CA05",0
"Norvège","CA05",0
"Palestine","CA05",0
"Pays-Bas","CA05",0
"Sénégal","CA05",0
"Singapour","CA05",0
"Suisse","CA05",0
"Tchad","CA05",0
"Thailande","CA05",0
"Ukraine","CA05",0
"Albanie","CA05",0
"Bangladesh","CA05",0
"Bolivie","CA05",0
"Bulgarie","CA05",0
"Croatie","CA05",0
"Cuba","CA05",0
"Géorgie","CA05",0
"Islande","CA05",0
"Kazakhstan","CA05",0
"Kenya","CA05",0
"Liban","CA05",0
"Lituanie","CA05",0
"Malaisie","CA05",0
"Maroc","CA05",0
"Perou","CA05",0
"République Tchèque","CA05",0
"Slovaquie","CA05",0
"Slovénie","CA05",0
"Sri Lanka","CA05",0
"Uruguay","CA05",0
"Venezuela","CA05",0
"France","CA06",3
"Etats-Unis","CA06",3
"Royaume-Uni","CA06",2
"Italie","CA06",2
"Japon","CA06",0
"Chine","CA06",1
"Russie","CA06",0
"Canada","CA06",0
"Corée du Sud","CA06",0
"Taiwan","CA06",0
"Danemark","CA06",0
"Mexique","CA06",2
"Belgique","CA06",1
"Espagne","CA06",1
"Australie","CA06",0
"Autriche","CA06",0
"Israel","CA06",0
"Allemagne","CA06",0
"Argentine","CA06",1
"Iran","CA06",0
"Portugal","CA06",1
"Turquie","CA06",1
"Brésil","CA06",0
"Hong-Kong","CA06",0
"Roumanie","CA06",0
"Finlande","CA06",1
"Grèce","CA06",0
"Hongrie","CA06",0
"Serbie","CA06",0
"Suède","CA06",0
"Nouvelle-Zélande","CA06",0
"Philippines","CA06",0
"Pologne","CA06",0
"Afrique du Sud","CA06",0
"Algérie","CA06",1
"Bosnie","CA06",0
"Burkina Faso","CA06",0
"Cambodge","CA06",0
"Chili","CA06",0
"Colombie","CA06",0
"Egypte","CA06",0
"Guinée","CA06",0
"Haiti","CA06",0
"Inde","CA06",0
"Irak","CA06",0
"Irlande","CA06",0
"Mali","CA06",0
"Mauritanie","CA06",0
"Norvège","CA06",0
"Palestine","CA06",0
"Pays-Bas","CA06",0
"Sénégal","CA06",0
"Singapour","CA06",0
"Suisse","CA06",0
"Tchad","CA06",0
"Thailande","CA06",0
"Ukraine","CA06",0
"Albanie","CA06",0
"Bangladesh","CA06",0
"Bolivie","CA06",0
"Bulgarie","CA06",0
"Croatie","CA06",0
"Cuba","CA06",0
"Géorgie","CA06",0
"Islande","CA06",0
"Kazakhstan","CA06",0
"Kenya","CA06",0
"Liban","CA06",0
"Lituanie","CA06",0
"Malaisie","CA06",0
"Maroc","CA06",0
"Perou","CA06",0
"République Tchèque","CA06",0
"Slovaquie","CA06",0
"Slovénie","CA06",0
"Sri Lanka","CA06",0
"Uruguay","CA06",0
"Venezuela","CA06",0
"France","CA07",4
"Etats-Unis","CA07",5
"Royaume-Uni","CA07",0
"Italie","CA07",0
"Japon","CA07",1
"Chine","CA07",0
"Russie","CA07",2
"Canada","CA07",0
"Corée du Sud","CA07",2
"Taiwan","CA07",0
"Danemark","CA07",0
"Mexique","CA07",1
"Belgique","CA07",0
"Espagne","CA07",0
"Australie","CA07",0
"Autriche","CA07",1
"Israel","CA07",1
"Allemagne","CA07",0
"Argentine","CA07",0
"Iran","CA07",0
"Portugal","CA07",0
"Turquie","CA07",1
"Brésil","CA07",0
"Hong-Kong","CA07",1
"Roumanie","CA07",1
"Finlande","CA07",0
"Grèce","CA07",0
"Hongrie","CA07",1
"Serbie","CA07",1
"Suède","CA07",0
"Nouvelle-Zélande","CA07",0
"Philippines","CA07",0
"Pologne","CA07",0
"Afrique du Sud","CA07",0
"Algérie","CA07",0
"Bosnie","CA07",0
"Burkina Faso","CA07",0
"Cambodge","CA07",0
"Chili","CA07",0
"Colombie","CA07",0
"Egypte","CA07",0
"Guinée","CA07",0
"Haiti","CA07",0
"Inde","CA07",0
"Irak","CA07",0
"Irlande","CA07",0
"Mali","CA07",0
"Mauritanie","CA07",0
"Norvège","CA07",0
"Palestine","CA07",0
"Pays-Bas","CA07",0
"Sénégal","CA07",0
"Singapour","CA07",0
"Suisse","CA07",0
"Tchad","CA07",0
"Thailande","CA07",0
"Ukraine","CA07",0
"Albanie","CA07",0
"Bangladesh","CA07",0
"Bolivie","CA07",0
"Bulgarie","CA07",0
"Croatie","CA07",0
"Cuba","CA07",0
"Géorgie","CA07",0
"Islande","CA07",0
"Kazakhstan","CA07",0
"Kenya","CA07",0
"Liban","CA07",0
"Lituanie","CA07",0
"Malaisie","CA07",0
"Maroc","CA07",0
"Perou","CA07",0
"République Tchèque","CA07",0
"Slovaquie","CA07",0
"Slovénie","CA07",0
"Sri Lanka","CA07",0
"Uruguay","CA07",0
"Venezuela","CA07",0
"France","CA08",3
"Etats-Unis","CA08",4
"Royaume-Uni","CA08",0
"Italie","CA08",2
"Japon","CA08",0
"Chine","CA08",1
"Russie","CA08",0
"Canada","CA08",1
"Corée du Sud","CA08",0
"Taiwan","CA08",0
"Danemark","CA08",0
"Mexique","CA08",0
"Belgique","CA08",1
"Espagne","CA08",0
"Australie","CA08",0
"Autriche","CA08",0
"Israel","CA08",1
"Allemagne","CA08",1
"Argentine","CA08",2
"Iran","CA08",0
"Portugal","CA08",0
"Turquie","CA08",1
"Brésil","CA08",2
"Hong-Kong","CA08",0
"Roumanie","CA08",0
"Finlande","CA08",0
"Grèce","CA08",0
"Hongrie","CA08",1
"Serbie","CA08",0
"Suède","CA08",0
"Nouvelle-Zélande","CA08",0
"Philippines","CA08",1
"Pologne","CA08",0
"Afrique du Sud","CA08",0
"Algérie","CA08",0
"Bosnie","CA08",0
"Burkina Faso","CA08",0
"Cambodge","CA08",0
"Chili","CA08",0
"Colombie","CA08",0
"Egypte","CA08",0
"Guinée","CA08",0
"Haiti","CA08",0
"Inde","CA08",0
"Irak","CA08",0
"Irlande","CA08",0
"Mali","CA08",0
"Mauritanie","CA08",0
"Norvège","CA08",0
"Palestine","CA08",0
"Pays-Bas","CA08",0
"Sénégal","CA08",0
"Singapour","CA08",1
"Suisse","CA08",0
"Tchad","CA08",0
"Thailande","CA08",0
"Ukraine","CA08",0
"Albanie","CA08",0
"Bangladesh","CA08",0
"Bolivie","CA08",0
"Bulgarie","CA08",0
"Croatie","CA08",0
"Cuba","CA08",0
"Géorgie","CA08",0
"Islande","CA08",0
"Kazakhstan","CA08",0
"Kenya","CA08",0
"Liban","CA08",0
"Lituanie","CA08",0
"Malaisie","CA08",0
"Maroc","CA08",0
"Perou","CA08",0
"République Tchèque","CA08",0
"Slovaquie","CA08",0
"Slovénie","CA08",0
"Sri Lanka","CA08",0
"Uruguay","CA08",0
"Venezuela","CA08",0
"France","CA09",4
"Etats-Unis","CA09",1
"Royaume-Uni","CA09",2
"Italie","CA09",1
"Japon","CA09",0
"Chine","CA09",1
"Russie","CA09",0
"Canada","CA09",0
"Corée du Sud","CA09",1
"Taiwan","CA09",2
"Danemark","CA09",1
"Mexique","CA09",0
"Belgique","CA09",0
"Espagne","CA09",2
"Australie","CA09",0
"Autriche","CA09",1
"Israel","CA09",1
"Allemagne","CA09",0
"Argentine","CA09",0
"Iran","CA09",0
"Portugal","CA09",0
"Turquie","CA09",0
"Brésil","CA09",0
"Hong-Kong","CA09",1
"Roumanie","CA09",0
"Finlande","CA09",0
"Grèce","CA09",0
"Hongrie","CA09",0
"Serbie","CA09",0
"Suède","CA09",0
"Nouvelle-Zélande","CA09",1
"Philippines","CA09",1
"Pologne","CA09",0
"Afrique du Sud","CA09",0
"Algérie","CA09",0
"Bosnie","CA09",0
"Burkina Faso","CA09",0
"Cambodge","CA09",0
"Chili","CA09",0
"Colombie","CA09",0
"Egypte","CA09",0
"Guinée","CA09",0
"Haiti","CA09",0
"Inde","CA09",0
"Irak","CA09",0
"Irlande","CA09",0
"Mali","CA09",0
"Mauritanie","CA09",0
"Norvège","CA09",0
"Palestine","CA09",0
"Pays-Bas","CA09",0
"Sénégal","CA09",0
"Singapour","CA09",0
"Suisse","CA09",0
"Tchad","CA09",0
"Thailande","CA09",0
"Ukraine","CA09",0
"Albanie","CA09",0
"Bangladesh","CA09",0
"Bolivie","CA09",0
"Bulgarie","CA09",0
"Croatie","CA09",0
"Cuba","CA09",0
"Géorgie","CA09",0
"Islande","CA09",0
"Kazakhstan","CA09",0
"Kenya","CA09",0
"Liban","CA09",0
"Lituanie","CA09",0
"Malaisie","CA09",0
"Maroc","CA09",0
"Perou","CA09",0
"République Tchèque","CA09",0
"Slovaquie","CA09",0
"Slovénie","CA09",0
"Sri Lanka","CA09",0
"Uruguay","CA09",0
"Venezuela","CA09",0
"France","CA10",6
"Etats-Unis","CA10",1
"Royaume-Uni","CA10",3
"Italie","CA10",1
"Japon","CA10",1
"Chine","CA10",1
"Russie","CA10",1
"Canada","CA10",0
"Corée du Sud","CA10",2
"Taiwan","CA10",0
"Danemark","CA10",0
"Mexique","CA10",0
"Belgique","CA10",0
"Espagne","CA10",1
"Australie","CA10",0
"Autriche","CA10",0
"Israel","CA10",0
"Allemagne","CA10",1
"Argentine","CA10",0
"Iran","CA10",0
"Portugal","CA10",0
"Turquie","CA10",0
"Brésil","CA10",0
"Hong-Kong","CA10",0
"Roumanie","CA10",0
"Finlande","CA10",0
"Grèce","CA10",0
"Hongrie","CA10",1
"Serbie","CA10",0
"Suède","CA10",0
"Nouvelle-Zélande","CA10",0
"Philippines","CA10",0
"Pologne","CA10",0
"Afrique du Sud","CA10",0
"Algérie","CA10",0
"Bosnie","CA10",0
"Burkina Faso","CA10",0
"Cambodge","CA10",0
"Chili","CA10",0
"Colombie","CA10",0
"Egypte","CA10",0
"Guinée","CA10",0
"Haiti","CA10",0
"Inde","CA10",0
"Irak","CA10",0
"Irlande","CA10",0
"Mali","CA10",0
"Mauritanie","CA10",0
"Norvège","CA10",0
"Palestine","CA10",0
"Pays-Bas","CA10",0
"Sénégal","CA10",0
"Singapour","CA10",0
"Suisse","CA10",0
"Tchad","CA10",0
"Thailande","CA10",0
"Ukraine","CA10",0
"Albanie","CA10",0
"Bangladesh","CA10",0
"Bolivie","CA10",0
"Bulgarie","CA10",0
"Croatie","CA10",0
"Cuba","CA10",0
"Géorgie","CA10",0
"Islande","CA10",0
"Kazakhstan","CA10",0
"Kenya","CA10",0
"Liban","CA10",0
"Lituanie","CA10",0
"Malaisie","CA10",0
"Maroc","CA10",0
"Perou","CA10",0
"République Tchèque","CA10",0
"Slovaquie","CA10",0
"Slovénie","CA10",0
"Sri Lanka","CA10",0
"Uruguay","CA10",0
"Venezuela","CA10",0
"France","CA11",5
"Etats-Unis","CA11",1
"Royaume-Uni","CA11",1
"Italie","CA11",2
"Japon","CA11",2
"Chine","CA11",0
"Russie","CA11",0
"Canada","CA11",0
"Corée du Sud","CA11",0
"Taiwan","CA11",0
"Danemark","CA11",1
"Mexique","CA11",0
"Belgique","CA11",1
"Espagne","CA11",1
"Australie","CA11",1
"Autriche","CA11",1
"Israel","CA11",1
"Allemagne","CA11",0
"Argentine","CA11",0
"Iran","CA11",0
"Portugal","CA11",0
"Turquie","CA11",1
"Brésil","CA11",0
"Hong-Kong","CA11",0
"Roumanie","CA11",0
"Finlande","CA11",1
"Grèce","CA11",0
"Hongrie","CA11",0
"Serbie","CA11",0
"Suède","CA11",0
"Nouvelle-Zélande","CA11",0
"Philippines","CA11",0
"Pologne","CA11",0
"Afrique du Sud","CA11",0
"Algérie","CA11",0
"Bosnie","CA11",0
"Burkina Faso","CA11",0
"Cambodge","CA11",0
"Chili","CA11",0
"Colombie","CA11",0
"Egypte","CA11",0
"Guinée","CA11",0
"Haiti","CA11",0
"Inde","CA11",0
"Irak","CA11",0
"Irlande","CA11",0
"Mali","CA11",0
"Mauritanie","CA11",0
"Norvège","CA11",0
"Palestine","CA11",0
"Pays-Bas","CA11",0
"Sénégal","CA11",0
"Singapour","CA11",0
"Suisse","CA11",0
"Tchad","CA11",0
"Thailande","CA11",0
"Ukraine","CA11",0
"Albanie","CA11",0
"Bangladesh","CA11",0
"Bolivie","CA11",0
"Bulgarie","CA11",0
"Croatie","CA11",0
"Cuba","CA11",0
"Géorgie","CA11",0
"Islande","CA11",0
"Kazakhstan","CA11",0
"Kenya","CA11",0
"Liban","CA11",0
"Lituanie","CA11",0
"Malaisie","CA11",0
"Maroc","CA11",0
"Perou","CA11",0
"République Tchèque","CA11",0
"Slovaquie","CA11",0
"Slovénie","CA11",0
"Sri Lanka","CA11",0
"Uruguay","CA11",0
"Venezuela","CA11",0
"France","CA12",3
"Etats-Unis","CA12",6
"Royaume-Uni","CA12",1
"Italie","CA12",1
"Japon","CA12",1
"Chine","CA12",0
"Russie","CA12",0
"Canada","CA12",1
"Corée du Sud","CA12",2
"Taiwan","CA12",0
"Danemark","CA12",1
"Mexique","CA12",1
"Belgique","CA12",0
"Espagne","CA12",0
"Australie","CA12",0
"Autriche","CA12",2
"Israel","CA12",0
"Allemagne","CA12",0
"Argentine","CA12",0
"Iran","CA12",0
"Portugal","CA12",0
"Turquie","CA12",0
"Brésil","CA12",0
"Hong-Kong","CA12",0
"Roumanie","CA12",1
"Finlande","CA12",0
"Grèce","CA12",0
"Hongrie","CA12",0
"Serbie","CA12",0
"Suède","CA12",0
"Nouvelle-Zélande","CA12",0
"Philippines","CA12",0
"Pologne","CA12",0
"Afrique du Sud","CA12",0
"Algérie","CA12",0
"Bosnie","CA12",0
"Burkina Faso","CA12",0
"Cambodge","CA12",0
"Chili","CA12",0
"Colombie","CA12",0
"Egypte","CA12",1
"Guinée","CA12",0
"Haiti","CA12",0
"Inde","CA12",0
"Irak","CA12",0
"Irlande","CA12",0
"Mali","CA12",0
"Mauritanie","CA12",0
"Norvège","CA12",0
"Palestine","CA12",0
"Pays-Bas","CA12",0
"Sénégal","CA12",0
"Singapour","CA12",0
"Suisse","CA12",0
"Tchad","CA12",0
"Thailande","CA12",0
"Ukraine","CA12",1
"Albanie","CA12",0
"Bangladesh","CA12",0
"Bolivie","CA12",0
"Bulgarie","CA12",0
"Croatie","CA12",0
"Cuba","CA12",0
"Géorgie","CA12",0
"Islande","CA12",0
"Kazakhstan","CA12",0
"Kenya","CA12",0
"Liban","CA12",0
"Lituanie","CA12",0
"Malaisie","CA12",0
"Maroc","CA12",0
"Perou","CA12",0
"République Tchèque","CA12",0
"Slovaquie","CA12",0
"Slovénie","CA12",0
"Sri Lanka","CA12",0
"Uruguay","CA12",0
"Venezuela","CA12",0
"France","CA13",6
"Etats-Unis","CA13",4
"Royaume-Uni","CA13",1
"Italie","CA13",1
"Japon","CA13",2
"Chine","CA13",1
"Russie","CA13",0
"Canada","CA13",0
"Corée du Sud","CA13",0
"Taiwan","CA13",0
"Danemark","CA13",1
"Mexique","CA13",1
"Belgique","CA13",0
"Espagne","CA13",0
"Australie","CA13",0
"Autriche","CA13",0
"Israel","CA13",0
"Allemagne","CA13",1
"Argentine","CA13",0
"Iran","CA13",0
"Portugal","CA13",0
"Turquie","CA13",0
"Brésil","CA13",0
"Hong-Kong","CA13",0
"Roumanie","CA13",0
"Finlande","CA13",0
"Grèce","CA13",0
"Hongrie","CA13",0
"Serbie","CA13",0
"Suède","CA13",0
"Nouvelle-Zélande","CA13",0
"Philippines","CA13",0
"Pologne","CA13",0
"Afrique du Sud","CA13",0
"Algérie","CA13",0
"Bosnie","CA13",0
"Burkina Faso","CA13",0
"Cambodge","CA13",0
"Chili","CA13",0
"Colombie","CA13",0
"Egypte","CA13",0
"Guinée","CA13",0
"Haiti","CA13",0
"Inde","CA13",0
"Irak","CA13",0
"Irlande","CA13",0
"Mali","CA13",0
"Mauritanie","CA13",0
"Norvège","CA13",0
"Palestine","CA13",0
"Pays-Bas","CA13",1
"Sénégal","CA13",0
"Singapour","CA13",0
"Suisse","CA13",0
"Tchad","CA13",1
"Thailande","CA13",0
"Ukraine","CA13",0
"Albanie","CA13",0
"Bangladesh","CA13",0
"Bolivie","CA13",0
"Bulgarie","CA13",0
"Croatie","CA13",0
"Cuba","CA13",0
"Géorgie","CA13",0
"Islande","CA13",0
"Kazakhstan","CA13",0
"Kenya","CA13",0
"Liban","CA13",0
"Lituanie","CA13",0
"Malaisie","CA13",0
"Maroc","CA13",0
"Perou","CA13",0
"République Tchèque","CA13",0
"Slovaquie","CA13",0
"Slovénie","CA13",0
"Sri Lanka","CA13",0
"Uruguay","CA13",0
"Venezuela","CA13",0
"France","CA14",3
"Etats-Unis","CA14",2
"Royaume-Uni","CA14",2
"Italie","CA14",1
"Japon","CA14",1
"Chine","CA14",0
"Russie","CA14",1
"Canada","CA14",3
"Corée du Sud","CA14",0
"Taiwan","CA14",0
"Danemark","CA14",0
"Mexique","CA14",0
"Belgique","CA14",1
"Espagne","CA14",0
"Australie","CA14",0
"Autriche","CA14",0
"Israel","CA14",0
"Allemagne","CA14",0
"Argentine","CA14",1
"Iran","CA14",0
"Portugal","CA14",0
"Turquie","CA14",1
"Brésil","CA14",0
"Hong-Kong","CA14",0
"Roumanie","CA14",0
"Finlande","CA14",0
"Grèce","CA14",0
"Hongrie","CA14",0
"Serbie","CA14",0
"Suède","CA14",0
"Nouvelle-Zélande","CA14",0
"Philippines","CA14",0
"Pologne","CA14",0
"Afrique du Sud","CA14",0
"Algérie","CA14",0
"Bosnie","CA14",0
"Burkina Faso","CA14",0
"Cambodge","CA14",0
"Chili","CA14",0
"Colombie","CA14",0
"Egypte","CA14",0
"Guinée","CA14",0
"Haiti","CA14",0
"Inde","CA14",0
"Irak","CA14",0
"Irlande","CA14",0
"Mali","CA14",0
"Mauritanie","CA14",1
"Norvège","CA14",0
"Palestine","CA14",0
"Pays-Bas","CA14",0
"Sénégal","CA14",0
"Singapour","CA14",0
"Suisse","CA14",1
"Tchad","CA14",0
"Thailande","CA14",0
"Ukraine","CA14",0
"Albanie","CA14",0
"Bangladesh","CA14",0
"Bolivie","CA14",0
"Bulgarie","CA14",0
"Croatie","CA14",0
"Cuba","CA14",0
"Géorgie","CA14",0
"Islande","CA14",0
"Kazakhstan","CA14",0
"Kenya","CA14",0
"Liban","CA14",0
"Lituanie","CA14",0
"Malaisie","CA14",0
"Maroc","CA14",0
"Perou","CA14",0
"République Tchèque","CA14",0
"Slovaquie","CA14",0
"Slovénie","CA14",0
"Sri Lanka","CA14",0
"Uruguay","CA14",0
"Venezuela","CA14",0
"France","CA15",5
"Etats-Unis","CA15",3
"Royaume-Uni","CA15",1
"Italie","CA15",3
"Japon","CA15",1
"Chine","CA15",1
"Russie","CA15",0
"Canada","CA15",0
"Corée du Sud","CA15",0
"Taiwan","CA15",1
"Danemark","CA15",0
"Mexique","CA15",1
"Belgique","CA15",0
"Espagne","CA15",0
"Australie","CA15",0
"Autriche","CA15",0
"Israel","CA15",0
"Allemagne","CA15",0
"Argentine","CA15",0
"Iran","CA15",0
"Portugal","CA15",0
"Turquie","CA15",0
"Brésil","CA15",0
"Hong-Kong","CA15",0
"Roumanie","CA15",0
"Finlande","CA15",0
"Grèce","CA15",1
"Hongrie","CA15",1
"Serbie","CA15",0
"Suède","CA15",0
"Nouvelle-Zélande","CA15",0
"Philippines","CA15",0
"Pologne","CA15",0
"Afrique du Sud","CA15",0
"Algérie","CA15",0
"Bosnie","CA15",0
"Burkina Faso","CA15",0
"Cambodge","CA15",0
"Chili","CA15",0
"Colombie","CA15",0
"Egypte","CA15",0
"Guinée","CA15",0
"Haiti","CA15",0
"Inde","CA15",0
"Irak","CA15",0
"Irlande","CA15",0
"Mali","CA15",0
"Mauritanie","CA15",0
"Norvège","CA15",1
"Palestine","CA15",0
"Pays-Bas","CA15",0
"Sénégal","CA15",0
"Singapour","CA15",0
"Suisse","CA15",0
"Tchad","CA15",0
"Thailande","CA15",0
"Ukraine","CA15",0
"Albanie","CA15",0
"Bangladesh","CA15",0
"Bolivie","CA15",0
"Bulgarie","CA15",0
"Croatie","CA15",0
"Cuba","CA15",0
"Géorgie","CA15",0
"Islande","CA15",0
"Kazakhstan","CA15",0
"Kenya","CA15",0
"Liban","CA15",0
"Lituanie","CA15",0
"Malaisie","CA15",0
"Maroc","CA15",0
"Perou","CA15",0
"République Tchèque","CA15",0
"Slovaquie","CA15",0
"Slovénie","CA15",0
"Sri Lanka","CA15",0
"Uruguay","CA15",0
"Venezuela","CA15",0
"France","CA16",5
"Etats-Unis","CA16",3
"Royaume-Uni","CA16",2
"Italie","CA16",0
"Japon","CA16",0
"Chine","CA16",0
"Russie","CA16",0
"Canada","CA16",1
"Corée du Sud","CA16",1
"Taiwan","CA16",0
"Danemark","CA16",1
"Mexique","CA16",0
"Belgique","CA16",1
"Espagne","CA16",1
"Australie","CA16",0
"Autriche","CA16",0
"Israel","CA16",0
"Allemagne","CA16",1
"Argentine","CA16",0
"Iran","CA16",1
"Portugal","CA16",0
"Turquie","CA16",0
"Brésil","CA16",1
"Hong-Kong","CA16",0
"Roumanie","CA16",2
"Finlande","CA16",0
"Grèce","CA16",0
"Hongrie","CA16",0
"Serbie","CA16",0
"Suède","CA16",0
"Nouvelle-Zélande","CA16",0
"Philippines","CA16",1
"Pologne","CA16",0
"Afrique du Sud","CA16",0
"Algérie","CA16",0
"Bosnie","CA16",0
"Burkina Faso","CA16",0
"Cambodge","CA16",0
"Chili","CA16",0
"Colombie","CA16",0
"Egypte","CA16",0
"Guinée","CA16",0
"Haiti","CA16",0
"Inde","CA16",0
"Irak","CA16",0
"Irlande","CA16",0
"Mali","CA16",0
"Mauritanie","CA16",0
"Norvège","CA16",0
"Palestine","CA16",0
"Pays-Bas","CA16",0
"Sénégal","CA16",0
"Singapour","CA16",0
"Suisse","CA16",0
"Tchad","CA16",0
"Thailande","CA16",0
"Ukraine","CA16",0
"Albanie","CA16",0
"Bangladesh","CA16",0
"Bolivie","CA16",0
"Bulgarie","CA16",0
"Croatie","CA16",0
"Cuba","CA16",0
"Géorgie","CA16",0
"Islande","CA16",0
"Kazakhstan","CA16",0
"Kenya","CA16",0
"Liban","CA16",0
"Lituanie","CA16",0
"Malaisie","CA16",0
"Maroc","CA16",0
"Perou","CA16",0
"République Tchèque","CA16",0
"Slovaquie","CA16",0
"Slovénie","CA16",0
"Sri Lanka","CA16",0
"Uruguay","CA16",0
"Venezuela","CA16",0
